allele,seq_num,start,end,length,peptide,core,icore,score,rank
HLA-A*02:06,1,3,11,9,HIFDGDNEI,HIFDGDNEI,HIFDGDNEI,0.577683,0.18
HLA-A*68:02,1,3,11,9,HIFDGDNEI,HIFDGDNEI,HIFDGDNEI,0.542415,0.16
HLA-A*02:06,1,2,11,10,FHIFDGDNEI,FIFDGDNEI,FHIFDGDNEI,0.3958,0.39
HLA-A*02:01,1,3,11,9,HIFDGDNEI,HIFDGDNEI,HIFDGDNEI,0.388634,0.38
HLA-A*02:03,1,3,11,9,HIFDGDNEI,HIFDGDNEI,HIFDGDNEI,0.382417,0.36
HLA-A*02:01,1,2,11,10,FHIFDGDNEI,FIFDGDNEI,FHIFDGDNEI,0.314627,0.52
HLA-A*02:03,1,2,11,10,FHIFDGDNEI,FIFDGDNEI,FHIFDGDNEI,0.229222,0.7
HLA-A*68:02,1,2,11,10,FHIFDGDNEI,FIFDGDNEI,FHIFDGDNEI,0.117477,1.1
HLA-B*35:01,1,3,11,9,HIFDGDNEI,HIFDGDNEI,HIFDGDNEI,0.074961,1.3
HLA-B*51:01,1,3,11,9,HIFDGDNEI,HIFDGDNEI,HIFDGDNEI,0.072577,1.7
HLA-A*26:01,1,3,11,9,HIFDGDNEI,HIFDGDNEI,HIFDGDNEI,0.063625,1
HLA-B*15:01,1,3,11,9,HIFDGDNEI,HIFDGDNEI,HIFDGDNEI,0.047324,2.5
HLA-A*32:01,1,3,11,9,HIFDGDNEI,HIFDGDNEI,HIFDGDNEI,0.042817,1.5
HLA-B*53:01,1,3,11,9,HIFDGDNEI,HIFDGDNEI,HIFDGDNEI,0.030163,1.9
HLA-A*30:02,1,3,11,9,HIFDGDNEI,HIFDGDNEI,HIFDGDNEI,0.016383,4.6
HLA-B*51:01,1,2,11,10,FHIFDGDNEI,FIFDGDNEI,FHIFDGDNEI,0.014166,4.9
HLA-A*68:01,1,3,11,9,HIFDGDNEI,HIFDGDNEI,HIFDGDNEI,0.009823,6.9
HLA-A*30:01,1,3,11,9,HIFDGDNEI,HIFDGDNEI,HIFDGDNEI,0.005919,12
HLA-B*08:01,1,3,11,9,HIFDGDNEI,HIFDGDNEI,HIFDGDNEI,0.005603,8.2
HLA-B*07:02,1,3,11,9,HIFDGDNEI,HIFDGDNEI,HIFDGDNEI,0.00439,5.8
HLA-B*40:01,1,3,11,9,HIFDGDNEI,HIFDGDNEI,HIFDGDNEI,0.004251,4
HLA-B*15:01,1,2,11,10,FHIFDGDNEI,FIFDGDNEI,FHIFDGDNEI,0.004072,7.8
HLA-B*58:01,1,3,11,9,HIFDGDNEI,HIFDGDNEI,HIFDGDNEI,0.003837,6.9
HLA-B*57:01,1,3,11,9,HIFDGDNEI,HIFDGDNEI,HIFDGDNEI,0.003584,11
HLA-A*01:01,1,3,11,9,HIFDGDNEI,HIFDGDNEI,HIFDGDNEI,0.002688,8.1
HLA-A*26:01,1,2,11,10,FHIFDGDNEI,FIFDGDNEI,FHIFDGDNEI,0.002452,7
HLA-B*53:01,1,2,11,10,FHIFDGDNEI,FIFDGDNEI,FHIFDGDNEI,0.001968,6.9
HLA-B*35:01,1,2,11,10,FHIFDGDNEI,FIFDGDNEI,FHIFDGDNEI,0.001858,7.8
HLA-A*23:01,1,2,11,10,FHIFDGDNEI,FHFDGDNEI,FHIFDGDNEI,0.001836,6.4
HLA-A*31:01,1,3,11,9,HIFDGDNEI,HIFDGDNEI,HIFDGDNEI,0.001562,14
HLA-A*23:01,1,3,11,9,HIFDGDNEI,HIFDGDNEI,HIFDGDNEI,0.001189,7.7
HLA-A*24:02,1,2,11,10,FHIFDGDNEI,FHFDGDNEI,FHIFDGDNEI,0.001165,7.6
HLA-A*33:01,1,3,11,9,HIFDGDNEI,HIFDGDNEI,HIFDGDNEI,0.001107,13
HLA-A*03:01,1,3,11,9,HIFDGDNEI,HIFDGDNEI,HIFDGDNEI,0.001077,12
HLA-A*32:01,1,2,11,10,FHIFDGDNEI,FIFDGDNEI,FHIFDGDNEI,0.000997,11
HLA-B*07:02,1,2,11,10,FHIFDGDNEI,FIFDGDNEI,FHIFDGDNEI,0.000992,12
HLA-A*01:01,1,2,11,10,FHIFDGDNEI,FIFDGDNEI,FHIFDGDNEI,0.000918,16
HLA-B*08:01,1,2,11,10,FHIFDGDNEI,FIFDGDNEI,FHIFDGDNEI,0.000893,21
HLA-A*24:02,1,3,11,9,HIFDGDNEI,HIFDGDNEI,HIFDGDNEI,0.000875,8.5
HLA-B*44:02,1,3,11,9,HIFDGDNEI,HIFDGDNEI,HIFDGDNEI,0.000869,8.5
HLA-B*40:01,1,2,11,10,FHIFDGDNEI,FHFDGDNEI,FHIFDGDNEI,0.000866,8
HLA-B*44:03,1,3,11,9,HIFDGDNEI,HIFDGDNEI,HIFDGDNEI,0.000815,8.8
HLA-A*30:02,1,2,11,10,FHIFDGDNEI,FIFDGDNEI,FHIFDGDNEI,0.00052,32
HLA-B*44:03,1,2,11,10,FHIFDGDNEI,FHFDGDNEI,FHIFDGDNEI,0.000417,12
HLA-B*57:01,1,2,11,10,FHIFDGDNEI,FIFDGDNEI,FHIFDGDNEI,0.000363,30
HLA-B*44:02,1,2,11,10,FHIFDGDNEI,FHFDGDNEI,FHIFDGDNEI,0.000334,13
HLA-B*58:01,1,2,11,10,FHIFDGDNEI,FIFDGDNEI,FHIFDGDNEI,0.000317,23
HLA-A*68:01,1,2,11,10,FHIFDGDNEI,FIFDGDNEI,FHIFDGDNEI,0.000314,22
HLA-A*30:01,1,2,11,10,FHIFDGDNEI,FIFDGDNEI,FHIFDGDNEI,0.000297,42
HLA-A*11:01,1,3,11,9,HIFDGDNEI,HIFDGDNEI,HIFDGDNEI,0.000297,15
HLA-B*53:01,1,2,10,9,FHIFDGDNE,FHIFDGDNE,FHIFDGDNE,0.000174,19
HLA-A*33:01,1,2,11,10,FHIFDGDNEI,FIFDGDNEI,FHIFDGDNEI,0.000138,32
HLA-B*35:01,1,2,10,9,FHIFDGDNE,FHIFDGDNE,FHIFDGDNE,0.000107,24
HLA-B*51:01,1,2,10,9,FHIFDGDNE,FHIFDGDNE,FHIFDGDNE,9.20E-05,43
HLA-A*31:01,1,2,11,10,FHIFDGDNEI,FIFDGDNEI,FHIFDGDNEI,9.00E-05,37
HLA-A*03:01,1,2,11,10,FHIFDGDNEI,FIFDGDNEI,FHIFDGDNEI,8.00E-05,31
HLA-A*33:01,1,1,10,10,LFHIFDGDNE,LFHIFGDNE,LFHIFDGDNE,5.90E-05,44
HLA-A*30:01,1,2,10,9,FHIFDGDNE,FHIFDGDNE,FHIFDGDNE,5.50E-05,68
HLA-B*40:01,1,2,10,9,FHIFDGDNE,FHIFDGDNE,FHIFDGDNE,4.70E-05,26
HLA-A*33:01,1,2,10,9,FHIFDGDNE,FHIFDGDNE,FHIFDGDNE,4.00E-05,50
HLA-B*08:01,1,2,10,9,FHIFDGDNE,FHIFDGDNE,FHIFDGDNE,3.90E-05,63
HLA-A*23:01,1,2,10,9,FHIFDGDNE,FHIFDGDNE,FHIFDGDNE,3.00E-05,33
HLA-A*68:01,1,2,10,9,FHIFDGDNE,FHIFDGDNE,FHIFDGDNE,2.90E-05,46
HLA-A*30:01,1,1,10,10,LFHIFDGDNE,LFHIFGDNE,LFHIFDGDNE,2.50E-05,79
HLA-A*30:02,1,1,10,10,LFHIFDGDNE,LFIFDGDNE,LFHIFDGDNE,2.40E-05,78
HLA-A*01:01,1,2,10,9,FHIFDGDNE,FHIFDGDNE,FHIFDGDNE,2.30E-05,76
HLA-A*24:02,1,2,10,9,FHIFDGDNE,FHIFDGDNE,FHIFDGDNE,2.20E-05,35
HLA-A*31:01,1,1,10,10,LFHIFDGDNE,LFHIFGDNE,LFHIFDGDNE,2.10E-05,57
HLA-A*68:02,1,2,10,9,FHIFDGDNE,FHIFDGDNE,FHIFDGDNE,2.00E-05,57
HLA-A*30:02,1,1,9,9,LFHIFDGDN,LFHIFDGDN,LFHIFDGDN,2.00E-05,80
HLA-A*11:01,1,2,11,10,FHIFDGDNEI,FIFDGDNEI,FHIFDGDNEI,2.00E-05,38
HLA-A*02:06,1,2,10,9,FHIFDGDNE,FHIFDGDNE,FHIFDGDNE,1.90E-05,66
HLA-B*07:02,1,2,10,9,FHIFDGDNE,FHIFDGDNE,FHIFDGDNE,1.70E-05,57
HLA-A*30:02,1,2,10,9,FHIFDGDNE,FHIFDGDNE,FHIFDGDNE,1.70E-05,82
HLA-A*02:03,1,2,10,9,FHIFDGDNE,FHIFDGDNE,FHIFDGDNE,1.60E-05,62
HLA-B*51:01,1,1,10,10,LFHIFDGDNE,LFIFDGDNE,LFHIFDGDNE,1.40E-05,71
HLA-A*30:01,1,1,9,9,LFHIFDGDN,LFHIFDGDN,LFHIFDGDN,1.40E-05,86
HLA-A*23:01,1,1,10,10,LFHIFDGDNE,LFIFDGDNE,LFHIFDGDNE,1.30E-05,44
HLA-B*44:03,1,2,10,9,FHIFDGDNE,FHIFDGDNE,FHIFDGDNE,1.10E-05,49
HLA-A*68:01,1,1,10,10,LFHIFDGDNE,LFIFDGDNE,LFHIFDGDNE,1.10E-05,59
HLA-A*03:01,1,1,10,10,LFHIFDGDNE,LFHIFGDNE,LFHIFDGDNE,1.10E-05,60
HLA-B*15:01,1,2,10,9,FHIFDGDNE,FHIFDGDNE,FHIFDGDNE,1.00E-05,65
HLA-B*08:01,1,1,10,10,LFHIFDGDNE,LFHIDGDNE,LFHIFDGDNE,1.00E-05,84
HLA-A*02:01,1,2,10,9,FHIFDGDNE,FHIFDGDNE,FHIFDGDNE,9.00E-06,67
HLA-B*44:02,1,2,10,9,FHIFDGDNE,FHIFDGDNE,FHIFDGDNE,8.00E-06,59
HLA-A*26:01,1,2,10,9,FHIFDGDNE,FHIFDGDNE,FHIFDGDNE,8.00E-06,64
HLA-A*24:02,1,1,10,10,LFHIFDGDNE,LFIFDGDNE,LFHIFDGDNE,8.00E-06,49
HLA-B*58:01,1,2,10,9,FHIFDGDNE,FHIFDGDNE,FHIFDGDNE,7.00E-06,77
HLA-A*31:01,1,2,10,9,FHIFDGDNE,FHIFDGDNE,FHIFDGDNE,7.00E-06,74
HLA-A*32:01,1,2,10,9,FHIFDGDNE,FHIFDGDNE,FHIFDGDNE,6.00E-06,59
HLA-A*01:01,1,1,10,10,LFHIFDGDNE,LFIFDGDNE,LFHIFDGDNE,6.00E-06,93
HLA-A*03:01,1,2,10,9,FHIFDGDNE,FHIFDGDNE,FHIFDGDNE,5.00E-06,74
HLA-A*02:06,1,1,10,10,LFHIFDGDNE,LFIFDGDNE,LFHIFDGDNE,5.00E-06,82
HLA-B*57:01,1,1,10,10,LFHIFDGDNE,LFHFDGDNE,LFHIFDGDNE,4.00E-06,92
HLA-B*53:01,1,1,10,10,LFHIFDGDNE,LHIFDGDNE,LFHIFDGDNE,4.00E-06,66
HLA-B*08:01,1,1,9,9,LFHIFDGDN,LFHIFDGDN,LFHIFDGDN,4.00E-06,94
HLA-B*58:01,1,1,10,10,LFHIFDGDNE,LHIFDGDNE,LFHIFDGDNE,3.00E-06,88
HLA-B*57:01,1,2,10,9,FHIFDGDNE,FHIFDGDNE,FHIFDGDNE,3.00E-06,95
HLA-B*35:01,1,1,10,10,LFHIFDGDNE,LHIFDGDNE,LFHIFDGDNE,3.00E-06,69
HLA-A*33:01,1,1,9,9,LFHIFDGDN,LFHIFDGDN,LFHIFDGDN,3.00E-06,90
HLA-A*11:01,1,2,10,9,FHIFDGDNE,FHIFDGDNE,FHIFDGDNE,3.00E-06,68
HLA-A*02:03,1,1,10,10,LFHIFDGDNE,LFIFDGDNE,LFHIFDGDNE,3.00E-06,84
HLA-A*01:01,1,1,9,9,LFHIFDGDN,LFHIFDGDN,LFHIFDGDN,3.00E-06,98
HLA-B*44:03,1,1,10,10,LFHIFDGDNE,LHIFDGDNE,LFHIFDGDNE,2.00E-06,80
HLA-B*40:01,1,1,10,10,LFHIFDGDNE,LHIFDGDNE,LFHIFDGDNE,2.00E-06,68
HLA-A*68:02,1,1,10,10,LFHIFDGDNE,LFIFDGDNE,LFHIFDGDNE,2.00E-06,86
HLA-A*31:01,1,1,9,9,LFHIFDGDN,LFHIFDGDN,LFHIFDGDN,2.00E-06,90
HLA-A*26:01,1,1,10,10,LFHIFDGDNE,LFIFDGDNE,LFHIFDGDNE,2.00E-06,85
HLA-A*02:01,1,1,10,10,LFHIFDGDNE,LFIFDGDNE,LFHIFDGDNE,2.00E-06,87
HLA-B*57:01,1,1,9,9,LFHIFDGDN,LFHIFDGDN,LFHIFDGDN,1.00E-06,100
HLA-B*51:01,1,1,9,9,LFHIFDGDN,LFHIFDGDN,LFHIFDGDN,1.00E-06,99
HLA-B*44:02,1,1,10,10,LFHIFDGDNE,LHIFDGDNE,LFHIFDGDNE,1.00E-06,94
HLA-B*35:01,1,1,9,9,LFHIFDGDN,LFHIFDGDN,LFHIFDGDN,1.00E-06,87
HLA-B*15:01,1,1,10,10,LFHIFDGDNE,LFHFDGDNE,LFHIFDGDNE,1.00E-06,95
HLA-B*15:01,1,1,9,9,LFHIFDGDN,LFHIFDGDN,LFHIFDGDN,1.00E-06,95
HLA-B*07:02,1,1,10,10,LFHIFDGDNE,LHIFDGDNE,LFHIFDGDNE,1.00E-06,96
HLA-A*26:01,1,1,9,9,LFHIFDGDN,LFHIFDGDN,LFHIFDGDN,1.00E-06,94
HLA-A*24:02,1,1,9,9,LFHIFDGDN,LFHIFDGDN,LFHIFDGDN,1.00E-06,88
HLA-A*23:01,1,1,9,9,LFHIFDGDN,LFHIFDGDN,LFHIFDGDN,1.00E-06,90
HLA-A*11:01,1,1,10,10,LFHIFDGDNE,LFIFDGDNE,LFHIFDGDNE,1.00E-06,88
HLA-A*03:01,1,1,9,9,LFHIFDGDN,LFHIFDGDN,LFHIFDGDN,1.00E-06,96
HLA-B*58:01,1,1,9,9,LFHIFDGDN,LFHIFDGDN,LFHIFDGDN,0,100
HLA-B*53:01,1,1,9,9,LFHIFDGDN,LFHIFDGDN,LFHIFDGDN,0,100
HLA-B*44:03,1,1,9,9,LFHIFDGDN,LFHIFDGDN,LFHIFDGDN,0,100
HLA-B*44:02,1,1,9,9,LFHIFDGDN,LFHIFDGDN,LFHIFDGDN,0,100
HLA-B*40:01,1,1,9,9,LFHIFDGDN,LFHIFDGDN,LFHIFDGDN,0,100
HLA-B*07:02,1,1,9,9,LFHIFDGDN,LFHIFDGDN,LFHIFDGDN,0,100
HLA-A*68:02,1,1,9,9,LFHIFDGDN,LFHIFDGDN,LFHIFDGDN,0,100
HLA-A*68:01,1,1,9,9,LFHIFDGDN,LFHIFDGDN,LFHIFDGDN,0,100
HLA-A*32:01,1,1,10,10,LFHIFDGDNE,LFHIFGDNE,LFHIFDGDNE,0,100
HLA-A*32:01,1,1,9,9,LFHIFDGDN,LFHIFDGDN,LFHIFDGDN,0,100
HLA-A*11:01,1,1,9,9,LFHIFDGDN,LFHIFDGDN,LFHIFDGDN,0,100
HLA-A*02:06,1,1,9,9,LFHIFDGDN,LFHIFDGDN,LFHIFDGDN,0,100
HLA-A*02:03,1,1,9,9,LFHIFDGDN,LFHIFDGDN,LFHIFDGDN,0,100
HLA-A*02:01,1,1,9,9,LFHIFDGDN,LFHIFDGDN,LFHIFDGDN,0,100
